attempts,comparison_panel_configurations,conditional_failed_spend_usd,conditional_successful_spend_usd,config,failures,harness,imputed_cost_rows,mean_cost_per_attempt_usd,model,observed_cost_rows,pass_rate,pass_rate_rank,provider,rank_displacement,realized_cpsc_rank,realized_cpsc_usd,realized_reliability_tax_share,realized_reliability_tax_usd,reasoning_effort,stratum,successes,target_family_configurations,target_model_family,task_coverage_rate,tasks_in_stratum,tasks_with_any_success,total_cost_usd
82,36,10.220843568627451,11.371421387096774,mini_swe_agent_claude_fable_5_high,51,mini-swe-agent,0,10.655818109756098,claude-fable-5,82,0.3780487804878049,3.0,vertex_ai,0.0,3.0,28.186357580645158,0.5965629345841681,16.814936193548387,high,rare,31,5,claude-fable-5,0.6363636363636364,22,14,873.7770849999999
86,36,4.403849913793104,3.93000675,mini_swe_agent_claude_fable_5_low,58,mini-swe-agent,0,4.249575395348837,claude-fable-5,86,0.32558139534883723,5.0,vertex_ai,-4.0,1.0,13.052267285714288,0.6989023696824387,9.122260535714288,low,rare,28,5,claude-fable-5,0.5909090909090909,22,13,365.46348400000005
85,36,23.32839941,25.4700599,mini_swe_agent_claude_fable_5_max,50,mini-swe-agent,0,24.210259611764705,claude-fable-5,85,0.4117647058823529,1.0,vertex_ai,4.0,5.0,58.796344771428565,0.5668087871956133,33.32628487142857,max,rare,35,5,claude-fable-5,0.6363636363636364,22,14,2057.872067
84,36,7.422586594339623,6.651616903225807,mini_swe_agent_claude_fable_5_medium,53,mini-swe-agent,0,7.13806206547619,claude-fable-5,84,0.36904761904761907,4.0,vertex_ai,-2.0,2.0,19.341845596774192,0.6561022643911938,12.690228693548388,medium,rare,31,5,claude-fable-5,0.6363636363636364,22,14,599.5972135
88,36,14.630381537735849,17.62384772857143,mini_swe_agent_claude_fable_5_xhigh,53,mini-swe-agent,0,15.820964681818182,claude-fable-5,88,0.3977272727272727,2.0,vertex_ai,2.0,4.0,39.77842548571429,0.5569495897996083,22.154577757142857,xhigh,rare,35,5,claude-fable-5,0.7272727272727273,22,16,1392.244892
144,36,7.827305986649061,11.020352807291667,mini_swe_agent_claude_fable_5_high,48,mini-swe-agent,4,9.956003867077465,claude-fable-5,140,0.6666666666666666,2.0,vertex_ai,1.0,3.0,14.934005800616198,0.2620631761883371,3.9136529933245305,high,contested,96,5,claude-fable-5,0.868421052631579,38,33,1433.664556859155
144,36,4.001945461592254,4.452046265822784,mini_swe_agent_claude_fable_5_low,65,mini-swe-agent,4,4.24887576391317,claude-fable-5,140,0.5486111111111112,5.0,vertex_ai,-4.0,1.0,7.744786202575905,0.4251556919231625,3.292739936753121,low,contested,79,5,claude-fable-5,0.7894736842105263,38,30,611.8381100034965
145,36,19.92771363000756,22.476835760416666,mini_swe_agent_claude_fable_5_max,49,mini-swe-agent,4,21.615408281864624,claude-fable-5,141,0.6620689655172414,3.0,vertex_ai,2.0,5.0,32.648272925733025,0.31154594879961744,10.171437165316357,max,contested,96,5,claude-fable-5,0.8157894736842105,38,31,3134.2342008703704
147,36,5.696132885262346,7.355086890804597,mini_swe_agent_claude_fable_5_medium,60,mini-swe-agent,4,6.6779628069098,claude-fable-5,143,0.5918367346938775,4.0,vertex_ai,-2.0,2.0,11.283454397882078,0.3481529120917829,3.92836750707748,medium,contested,87,5,claude-fable-5,0.7894736842105263,38,30,981.6605326157407
152,36,12.228146399642858,14.311134941176471,mini_swe_agent_claude_fable_5_xhigh,50,mini-swe-agent,4,13.625941341987781,claude-fable-5,148,0.6710526315789473,1.0,vertex_ai,3.0,4.0,20.305324352766107,0.2952028397799552,5.994189411589636,xhigh,contested,102,5,claude-fable-5,0.868421052631579,38,33,2071.143083982143
204,36,6.293838000000001,8.406932276785714,mini_swe_agent_claude_fable_5_high,36,mini-swe-agent,0,8.034033286764705,claude-fable-5,204,0.8235294117647058,3.0,vertex_ai,0.0,3.0,9.755611848214286,0.13824653875250686,1.3486795714285715,high,common,168,5,claude-fable-5,0.9622641509433962,53,51,1638.9427905
203,36,3.5193758365384613,3.0917213642384107,mini_swe_agent_claude_fable_5_low,52,mini-swe-agent,0,3.2012683226600984,claude-fable-5,203,0.7438423645320197,5.0,vertex_ai,-4.0,1.0,4.303691850993378,0.2816118181126792,1.2119704867549668,low,common,151,5,claude-fable-5,0.9245283018867925,53,49,649.8574695
206,36,18.43960753030303,20.994894774566472,mini_swe_agent_claude_fable_5_max,33,mini-swe-agent,0,20.585552643203883,claude-fable-5,206,0.8398058252427184,2.0,vertex_ai,3.0,5.0,24.512276557803467,0.143494700500074,3.517381783236994,max,common,173,5,claude-fable-5,0.9433962264150944,53,50,4240.6238445
205,36,4.724296355263158,5.351307299401197,mini_swe_agent_claude_fable_5_medium,38,mini-swe-agent,0,5.235080880487804,claude-fable-5,205,0.8146341463414634,4.0,vertex_ai,-2.0,2.0,6.426296889221556,0.16727978933301002,1.0749895898203594,medium,common,167,5,claude-fable-5,0.9433962264150944,53,50,1073.1915804999999
212,36,11.401919621212121,12.422974259776536,mini_swe_agent_claude_fable_5_xhigh,33,mini-swe-agent,0,12.264036509433963,claude-fable-5,212,0.8443396226415094,1.0,vertex_ai,3.0,4.0,14.52500413407821,0.1447180224458556,2.102029874301676,xhigh,common,179,5,claude-fable-5,0.9622641509433962,53,51,2599.97574
68,36,5.2546683454545455,4.218022557692308,mini_swe_agent_claude_opus_4_8_high,55,mini-swe-agent,0,5.0564860625,claude-opus-4-8,68,0.19117647058823528,4.0,anthropic,-1.0,3.0,26.449311711538463,0.8405242978080143,22.231289153846156,high,rare,13,5,claude-opus-4-8,0.47058823529411764,17,8,343.84105225
68,36,2.831418525,2.35265021875,mini_swe_agent_claude_opus_4_8_low,60,mini-swe-agent,0,2.7750928419117646,claude-opus-4-8,68,0.11764705882352941,5.0,anthropic,-3.0,2.0,23.588289156250003,0.9002619391696477,21.2356389375,low,rare,8,5,claude-opus-4-8,0.29411764705882354,17,5,188.70631325000002
65,36,14.649380176470588,14.729908517857142,mini_swe_agent_claude_opus_4_8_max,51,mini-swe-agent,0,14.666724742307691,claude-opus-4-8,65,0.2153846153846154,1.0,anthropic,4.0,5.0,68.09550773214285,0.783687514662524,53.365599214285716,max,rare,14,5,claude-opus-4-8,0.35294117647058826,17,6,953.3371082499999
68,36,4.298226541666667,4.027831553571429,mini_swe_agent_claude_opus_4_8_medium,54,mini-swe-agent,0,4.242556985294118,claude-opus-4-8,68,0.20588235294117646,2.5,anthropic,-1.5,1.0,20.606705357142857,0.8045378199103881,16.57887380357143,medium,rare,14,5,claude-opus-4-8,0.5294117647058824,17,9,288.493875
68,36,9.983562726851853,7.998834375,mini_swe_agent_claude_opus_4_8_xhigh,54,mini-swe-agent,0,9.574942183823529,claude-opus-4-8,68,0.20588235294117646,2.5,anthropic,1.5,4.0,46.506862035714285,0.8280074375076649,38.50802766071429,xhigh,rare,14,5,claude-opus-4-8,0.47058823529411764,17,8,651.0960685
172,36,4.385676997368421,4.829277357142857,mini_swe_agent_claude_opus_4_8_high,95,mini-swe-agent,0,4.584265530523256,claude-opus-4-8,172,0.4476744186046512,3.0,anthropic,0.0,3.0,10.240177548701299,0.5283990600577696,5.410900191558442,high,contested,77,5,claude-opus-4-8,0.6976744186046512,43,30,788.49367125
171,36,2.4783570137795277,2.2984345113636366,mini_swe_agent_claude_opus_4_8_low,127,mini-swe-agent,0,2.4320611652046784,claude-opus-4-8,171,0.2573099415204678,5.0,anthropic,-3.0,2.0,9.451874073863637,0.7568276414389313,7.1534395625,low,contested,44,5,claude-opus-4-8,0.6046511627906976,43,26,415.88245925
164,36,13.28280065,13.940448333333332,mini_swe_agent_claude_opus_4_8_max,80,mini-swe-agent,0,13.619644585365853,claude-opus-4-8,164,0.5121951219512195,1.0,anthropic,4.0,5.0,26.59073466666667,0.4757403844577241,12.650286333333334,max,contested,84,5,claude-opus-4-8,0.7441860465116279,43,32,2233.621712
172,36,3.5681993455882353,3.8558558535714287,mini_swe_agent_claude_opus_4_8_medium,102,mini-swe-agent,0,3.685268854651163,claude-opus-4-8,172,0.4069767441860465,4.0,anthropic,-3.0,1.0,9.055232042857144,0.5741847547006853,5.199376189285714,medium,contested,70,5,claude-opus-4-8,0.6976744186046512,43,30,633.866243
170,36,7.723108991279069,8.876609422619048,mini_swe_agent_claude_opus_4_8_xhigh,86,mini-swe-agent,0,8.293073910294117,claude-opus-4-8,170,0.49411764705882355,2.0,anthropic,2.0,4.0,16.78360196130952,0.47111415993528133,7.906992538690475,xhigh,contested,84,5,claude-opus-4-8,0.7906976744186046,43,34,1409.8225647499999
212,36,3.1866838713235293,4.072275425347223,mini_swe_agent_claude_opus_4_8_high,68,mini-swe-agent,0,3.7882177570754716,claude-opus-4-8,212,0.6792452830188679,3.0,anthropic,0.0,3.0,5.577098364583334,0.26982183939811805,1.504822939236111,high,common,144,5,claude-opus-4-8,0.9433962264150944,53,50,803.1021645000001
212,36,1.988627465625,2.0502314166666666,mini_swe_agent_claude_opus_4_8_low,80,mini-swe-agent,0,2.0269846426886793,claude-opus-4-8,212,0.6226415094339622,5.0,anthropic,-4.0,1.0,3.2554601837121213,0.3702176340769009,1.2052287670454547,low,common,132,5,claude-opus-4-8,0.8679245283018868,53,46,429.72074425
200,36,11.11300291111111,12.809318775806451,mini_swe_agent_claude_opus_4_8_max,45,mini-swe-agent,0,12.42764770625,claude-opus-4-8,200,0.775,1.0,anthropic,4.0,5.0,16.03567445967742,0.201198626972867,3.2263556838709677,max,common,155,5,claude-opus-4-8,0.9433962264150944,53,50,2485.52954125
212,36,2.7486682861842104,3.127680167279412,mini_swe_agent_claude_opus_4_8_medium,76,mini-swe-agent,0,2.991807983490566,claude-opus-4-8,212,0.6415094339622641,4.0,anthropic,-2.0,2.0,4.663700680147059,0.32935658143892976,1.536020512867647,medium,common,136,5,claude-opus-4-8,0.8867924528301887,53,47,634.2632925
209,36,6.586693925781249,7.5611996913793105,mini_swe_agent_claude_opus_4_8_xhigh,64,mini-swe-agent,0,7.262786442583732,claude-opus-4-8,209,0.69377990430622,2.0,anthropic,2.0,4.0,10.468430113793103,0.2777140785019192,2.9072304224137926,xhigh,common,145,5,claude-opus-4-8,0.9245283018867925,53,49,1517.9223665
76,40,6.410617515671642,7.0206382666666665,mini_swe_agent_claude_sonnet_4_6_high,67,mini-swe-agent,0,6.482856815131579,claude-sonnet-4-6,76,0.11842105263157894,1.0,anthropic,0.0,1.0,54.74412421666666,0.871755400837534,47.72348595,high,rare,9,1,claude-sonnet-4-6,0.2631578947368421,19,5,492.69711794999995
135,40,5.6730354323529415,6.338186395454546,mini_swe_agent_claude_sonnet_4_6_high,102,mini-swe-agent,0,5.8356278900000005,claude-sonnet-4-6,135,0.24444444444444444,1.0,anthropic,0.0,1.0,23.87302318636364,0.7345042416297345,17.534836790909093,high,contested,33,1,claude-sonnet-4-6,0.5294117647058824,34,18,787.8097651500001
240,40,5.00677227244898,5.09761563548387,mini_swe_agent_claude_sonnet_4_6_high,147,mini-swe-agent,0,5.041974075624999,claude-sonnet-4-6,240,0.3875,1.0,anthropic,0.0,1.0,13.011546001612903,0.60822367804318,7.913930366129032,high,common,93,1,claude-sonnet-4-6,0.6833333333333333,60,41,1210.07377815
64,36,9.569602092857144,13.747134656250001,mini_swe_agent_claude_sonnet_5_high,56,mini-swe-agent,0,10.091793663281251,claude-sonnet-5,64,0.125,3.0,anthropic,0.0,3.0,80.73434930625001,0.8297238440096554,66.98721465000001,high,rare,8,5,claude-sonnet-5,0.375,16,6,645.8747944500001
64,36,2.671487570338983,3.42368487,mini_swe_agent_claude_sonnet_5_low,59,mini-swe-agent,0,2.730252984375,claude-sonnet-5,64,0.078125,4.0,anthropic,-3.0,1.0,34.9472382,0.9020327486135944,31.523553330000002,low,rare,5,5,claude-sonnet-5,0.25,16,4,174.736191
64,36,29.214927871428568,35.52671507045454,mini_swe_agent_claude_sonnet_5_max,42,mini-swe-agent,0,31.384604721093748,claude-sonnet-5,64,0.34375,1.0,anthropic,3.0,4.0,91.30066827954545,0.6108822011939887,55.773953209090905,max,rare,22,5,claude-sonnet-5,0.6875,16,11,2008.6147021499999
64,36,4.8173489425,6.273142387500001,mini_swe_agent_claude_sonnet_5_medium,60,mini-swe-agent,0,4.9083360328125,claude-sonnet-5,64,0.0625,5.0,anthropic,-3.0,2.0,78.533376525,0.9201213208309841,72.26023413749999,medium,rare,4,5,claude-sonnet-5,0.1875,16,3,314.1335061
64,36,14.614048766666667,18.665629035,mini_swe_agent_claude_sonnet_5_xhigh,54,mini-swe-agent,0,15.247108183593749,claude-sonnet-5,64,0.15625,2.0,anthropic,3.0,5.0,97.581492375,0.808717528491273,78.91586334,xhigh,rare,10,5,claude-sonnet-5,0.375,16,6,975.8149237499999
168,36,6.264831119318182,7.5409533712500005,mini_swe_agent_claude_sonnet_5_high,88,mini-swe-agent,0,6.872508382142857,claude-sonnet-5,168,0.47619047619047616,3.0,anthropic,0.0,3.0,14.4322676025,0.47749351807031815,6.891314231250001,high,contested,80,5,claude-sonnet-5,0.8333333333333334,42,35,1154.5814082
168,36,2.3248160363636363,1.9710387916666665,mini_swe_agent_claude_sonnet_5_low,132,mini-swe-agent,0,2.2490066267857145,claude-sonnet-5,168,0.21428571428571427,5.0,anthropic,-4.0,1.0,10.495364258333332,0.8121991058955711,8.524325466666665,low,contested,36,5,claude-sonnet-5,0.5,42,21,377.8331133
163,36,22.10081498653846,27.65942319882353,mini_swe_agent_claude_sonnet_5_max,78,mini-swe-agent,0,24.999475710736196,claude-sonnet-5,163,0.5214723926380368,1.0,anthropic,4.0,5.0,47.94017106882353,0.4230428765238383,20.28074787,max,contested,85,5,claude-sonnet-5,0.7619047619047619,42,32,4074.91454085
168,36,3.731200640366972,4.2167390466101695,mini_swe_agent_claude_sonnet_5_medium,109,mini-swe-agent,0,3.9017171044642858,claude-sonnet-5,168,0.35119047619047616,4.0,anthropic,-2.0,2.0,11.109974127966101,0.6204546475049149,6.8932350813559315,medium,contested,59,5,claude-sonnet-5,0.6428571428571429,42,27,655.48847355
167,36,10.282330603448276,12.794163086249998,mini_swe_agent_claude_sonnet_5_xhigh,87,mini-swe-agent,0,11.485603649101796,claude-sonnet-5,167,0.47904191616766467,2.0,anthropic,2.0,4.0,23.9761976175,0.46638064590727013,11.18203453125,xhigh,contested,80,5,claude-sonnet-5,0.7857142857142857,42,33,1918.0958094
220,36,6.9031492949999995,7.189335028163056,mini_swe_agent_claude_sonnet_5_high,90,mini-swe-agent,1,7.0722590464145325,claude-sonnet-5,219,0.5909090909090909,3.0,anthropic,0.0,3.0,11.968438386239978,0.39930884914538406,4.779103358076923,high,common,130,5,claude-sonnet-5,0.8909090909090909,55,49,1555.8969902111971
217,36,2.091904473966942,1.8340988203125,mini_swe_agent_claude_sonnet_5_low,121,mini-swe-agent,0,1.9778522032258063,claude-sonnet-5,217,0.4423963133640553,5.0,anthropic,-4.0,1.0,4.470770084375,0.5897577406803952,2.6366712640625,low,common,96,5,claude-sonnet-5,0.7272727272727273,55,40,429.1939281
215,36,25.610498089285713,26.213179952290076,mini_swe_agent_claude_sonnet_5_max,84,mini-swe-agent,0,25.97771355,claude-sonnet-5,215,0.6093023255813953,1.0,anthropic,4.0,5.0,42.63517872709924,0.3851748547818615,16.421998774809158,max,common,131,5,claude-sonnet-5,0.8363636363636363,55,46,5585.20841325
218,36,4.145282851470588,3.8200471771551725,mini_swe_agent_claude_sonnet_5_medium,102,mini-swe-agent,0,3.972221666972477,claude-sonnet-5,218,0.5321100917431193,4.0,anthropic,-2.0,2.0,7.465037270689655,0.4882748687466019,3.6449900935344828,medium,common,116,5,claude-sonnet-5,0.7818181818181819,55,43,865.9443234
220,36,10.205761250581395,11.873656543656717,mini_swe_agent_claude_sonnet_5_xhigh,86,mini-swe-agent,0,11.221661110909091,claude-sonnet-5,220,0.6090909090909091,2.0,anthropic,2.0,4.0,18.423622719402985,0.3555199905851371,6.549966175746268,xhigh,common,134,5,claude-sonnet-5,0.8363636363636363,55,46,2468.7654444
72,40,11.653920205882354,8.372560149999998,mini_swe_agent_gemini_3_1_pro_preview_high,68,mini-swe-agent,0,11.471622425,gemini-3-1-pro-preview,72,0.05555555555555555,1.0,vertex_ai,0.0,1.0,206.48920365,0.9594527946158796,198.1166435,high,rare,4,1,gemini-3-1-pro-preview,0.16666666666666666,18,3,825.9568146
120,40,8.296327612068966,22.648450999999998,mini_swe_agent_gemini_3_1_pro_preview_high,116,mini-swe-agent,0,8.774731725,gemini-3-1-pro-preview,120,0.03333333333333333,1.0,vertex_ai,0.0,1.0,263.24195175,0.913963367732856,240.59350075,high,contested,4,1,gemini-3-1-pro-preview,0.13333333333333333,30,4,1052.967807
259,40,8.661636327102803,12.081114666666666,mini_swe_agent_gemini_3_1_pro_preview_high,214,mini-swe-agent,0,9.255754185328184,gemini-3-1-pro-preview,259,0.17374517374517376,1.0,vertex_ai,0.0,1.0,53.272007422222224,0.773218332642988,41.19089275555555,high,common,45,1,gemini-3-1-pro-preview,0.38461538461538464,65,25,2397.240334
76,40,9.38475554296875,10.2671825875,mini_swe_agent_gemini_3_5_flash_medium,64,mini-swe-agent,0,9.524086128947369,gemini-3-5-flash,76,0.15789473684210525,1.0,vertex_ai,0.0,1.0,60.31921215,0.8297858638808497,50.052029562499996,medium,rare,12,1,gemini-3-5-flash,0.5263157894736842,19,10,723.8305458
128,40,6.753606439285715,6.91039221,mini_swe_agent_gemini_3_5_flash_medium,98,mini-swe-agent,0,6.790353104296876,gemini-3-5-flash,128,0.234375,1.0,vertex_ai,0.0,1.0,28.972173245000004,0.7614817448603863,22.061781035000003,medium,contested,30,1,gemini-3-5-flash,0.53125,32,17,869.1651973500001
248,40,7.669968039669421,6.279075318897638,mini_swe_agent_gemini_3_5_flash_medium,121,mini-swe-agent,0,6.957696364112903,gemini-3-5-flash,248,0.5120967741935484,1.0,vertex_ai,0.0,1.0,13.586682663779529,0.537850741473715,7.307607344881889,medium,common,127,1,gemini-3-5-flash,0.7741935483870968,62,48,1725.5086983
72,39,3.6834412332203392,3.2577323107692306,mini_swe_agent_glm_5_2_high,59,mini-swe-agent,0,3.6065771222222223,glm-5-2,72,0.18055555555555555,1.0,zai,0.0,1.0,19.974888676923076,0.8369086124353285,16.717156366153848,high,rare,13,2,glm-5-2,0.4444444444444444,18,8,259.6735528
72,39,4.741299584126984,6.0314334177777775,mini_swe_agent_glm_5_2_max,63,mini-swe-agent,0,4.902566313333334,glm-5-2,72,0.125,2.0,zai,0.0,2.0,39.22053050666667,0.8462174442859062,33.189097088888886,max,rare,9,2,glm-5-2,0.3333333333333333,18,6,352.98477456
140,39,3.197281926597938,2.498947351627907,mini_swe_agent_glm_5_2_high,97,mini-swe-agent,0,2.98279345,glm-5-2,140,0.30714285714285716,2.0,zai,-1.0,1.0,9.711420534883722,0.7426795243135017,7.212473183255814,high,contested,43,2,glm-5-2,0.5714285714285714,35,20,417.591083
139,39,3.8939830301123597,4.3368807368,mini_swe_agent_glm_5_2_max,89,mini-swe-agent,0,4.053298751942446,glm-5-2,139,0.3597122302158273,1.0,zai,1.0,2.0,11.2681705304,0.6151211303467867,6.9312897936,max,contested,50,2,glm-5-2,0.7428571428571429,35,26,563.40852652
240,39,2.6419094115151514,2.3671922914814814,mini_swe_agent_glm_5_2_high,132,mini-swe-agent,0,2.5182867075,glm-5-2,240,0.45,2.0,zai,-1.0,1.0,5.596192683333333,0.576999502084428,3.229000391851852,high,common,108,2,glm-5-2,0.8166666666666667,60,49,604.3888098
239,39,3.3186219485148514,3.7129296417391306,mini_swe_agent_glm_5_2_max,101,mini-swe-agent,0,3.5462975203347282,glm-5-2,239,0.5774058577405857,1.0,zai,1.0,2.0,6.141776140289855,0.39546320853630096,2.4288464985507248,max,common,138,2,glm-5-2,0.9166666666666666,60,55,847.5651073600001
72,40,5.957153863636364,7.1723510882352945,mini_swe_agent_gpt_5_4_xhigh,55,mini-swe-agent,0,6.244075430555555,gpt-5-4,72,0.2361111111111111,1.0,openai,0.0,1.0,26.44549594117647,0.7287874236055556,19.27314485294118,xhigh,rare,17,1,gpt-5-4,0.4444444444444444,18,8,449.573431
148,40,5.2234895698924735,7.9953188,mini_swe_agent_gpt_5_4_xhigh,93,mini-swe-agent,0,6.253561243243244,gpt-5-4,148,0.3716216216216216,1.0,openai,0.0,1.0,16.8277648,0.5248733925732074,8.832446000000001,xhigh,contested,55,1,gpt-5-4,0.7027027027027027,37,26,925.527064
232,40,5.112409535714286,5.07371437654321,mini_swe_agent_gpt_5_4_xhigh,70,mini-swe-agent,0,5.085389640086207,gpt-5-4,232,0.6982758620689655,1.0,openai,0.0,1.0,7.282780225308642,0.3033272706882779,2.209065848765432,xhigh,common,162,1,gpt-5-4,0.9310344827586207,58,54,1179.8103965
76,37,6.508187631578947,6.264476263157895,mini_swe_agent_gpt_5_5_high,57,mini-swe-agent,0,6.4472597894736845,gpt-5-5,76,0.25,2.0,openai,0.0,2.0,25.789039157894734,0.7570876439093635,19.52456289473684,high,rare,19,4,gpt-5-5,0.631578947368421,19,12,489.991744
76,37,1.5034476447368421,,mini_swe_agent_gpt_5_5_low,76,mini-swe-agent,0,1.5034476447368421,gpt-5-5,76,0.0,4.0,openai,,,,,,low,rare,0,4,gpt-5-5,0.0,19,0,114.262021
76,37,3.17073985,4.0676234375,mini_swe_agent_gpt_5_5_medium,60,mini-swe-agent,0,3.359557447368421,gpt-5-5,76,0.21052631578947367,3.0,openai,-2.0,1.0,15.957897875,0.7451028030532499,11.8902744375,medium,rare,16,4,gpt-5-5,0.47368421052631576,19,9,255.326366
76,37,8.423459833333332,10.422210318181818,mini_swe_agent_gpt_5_5_xhigh,54,mini-swe-agent,0,9.0020455,gpt-5-5,76,0.2894736842105263,1.0,openai,2.0,3.0,31.097975363636362,0.6648588791935063,20.675765045454543,xhigh,rare,22,4,gpt-5-5,0.7368421052631579,19,14,684.155458
124,37,4.297651283333333,4.935124375,mini_swe_agent_gpt_5_5_high,60,mini-swe-agent,0,4.6266696532258065,gpt-5-5,124,0.5161290322580645,2.0,openai,1.0,3.0,8.964172453125,0.44946124131295945,4.029048078124999,high,contested,64,4,gpt-5-5,0.9032258064516129,31,28,573.707037
124,37,1.0851870297029704,0.9576633043478261,mini_swe_agent_gpt_5_5_low,101,mini-swe-agent,0,1.061533435483871,gpt-5-5,124,0.18548387096774194,4.0,openai,-3.0,1.0,5.723049826086957,0.8326655658347444,4.765386521739131,low,contested,23,4,gpt-5-5,0.3225806451612903,31,10,131.630146
124,37,2.6010770533333334,2.4922417959183676,mini_swe_agent_gpt_5_5_medium,75,mini-swe-agent,0,2.5580695725806453,gpt-5-5,124,0.3951612903225806,3.0,openai,-1.0,2.0,6.473482183673469,0.6150075453665481,3.981240387755102,medium,contested,49,4,gpt-5-5,0.7096774193548387,31,22,317.200627
124,37,5.287639053571429,8.135520397058825,mini_swe_agent_gpt_5_5_xhigh,56,mini-swe-agent,0,6.849380435483871,gpt-5-5,124,0.5483870967741935,1.0,openai,3.0,4.0,12.490046676470588,0.348639712261048,4.354526279411765,xhigh,contested,68,4,gpt-5-5,0.7741935483870968,31,24,849.323174
252,37,4.570715704545455,5.002823336538461,mini_swe_agent_gpt_5_5_high,44,mini-swe-agent,0,4.927375972222222,gpt-5-5,252,0.8253968253968254,2.0,openai,1.0,3.0,5.969705504807692,0.16196480169592184,0.9668821682692308,high,common,208,4,gpt-5-5,0.9841269841269841,63,62,1241.698745
252,37,1.1992804575163398,1.1425199292929293,mini_swe_agent_gpt_5_5_low,153,mini-swe-agent,0,1.1769816785714287,gpt-5-5,252,0.39285714285714285,4.0,openai,-3.0,1.0,2.9959533636363633,0.6186456227388714,1.8534334343434342,low,common,99,4,gpt-5-5,0.6984126984126984,63,44,296.599383
252,37,2.629208383561644,2.6717525754189944,mini_swe_agent_gpt_5_5_medium,73,mini-swe-agent,0,2.6594282658730157,gpt-5-5,252,0.7103174603174603,3.0,openai,-1.0,2.0,3.7439995698324022,0.28639078995978795,1.0722469944134079,medium,common,179,4,gpt-5-5,0.9047619047619048,63,57,670.175923
252,37,5.791746717948718,7.0746583239436625,mini_swe_agent_gpt_5_5_xhigh,39,mini-swe-agent,0,6.8761124801587306,gpt-5-5,252,0.8452380952380952,1.0,openai,3.0,4.0,8.13511899061033,0.1303558888186719,1.0604606666666667,xhigh,common,213,4,gpt-5-5,0.9841269841269841,63,62,1732.7803450000001
68,36,0.9999752166666667,1.092508825,mini_swe_agent_gpt_5_6_luna_high,60,mini-swe-agent,0,1.0108615235294118,gpt-5-6-luna,68,0.11764705882352941,3.0,openai,-2.0,1.0,8.59232295,0.8728505863481307,7.499814125,high,rare,8,5,gpt-5-6-luna,0.35294117647058826,17,6,68.7385836
68,36,0.07915763235294118,,mini_swe_agent_gpt_5_6_luna_low,68,mini-swe-agent,0,0.07915763235294118,gpt-5-6-luna,68,0.0,5.0,openai,,,,,,low,rare,0,5,gpt-5-6-luna,0.0,17,0,5.382719
68,36,4.0620522,5.112941383333333,mini_swe_agent_gpt_5_6_luna_max,44,mini-swe-agent,0,4.432954264705883,gpt-5-6-luna,68,0.35294117647058826,1.0,openai,2.0,3.0,12.560037083333334,0.5929198815728018,7.4470957,max,rare,24,5,gpt-5-6-luna,0.6470588235294118,17,11,301.44089
68,36,0.25068487164179104,0.2176264,mini_swe_agent_gpt_5_6_luna_medium,67,mini-swe-agent,0,0.2501987176470588,gpt-5-6-luna,68,0.014705882352941176,4.0,openai,0.0,4.0,17.0135128,0.9872086145548966,16.7958864,medium,rare,1,5,gpt-5-6-luna,0.058823529411764705,17,1,17.0135128
68,36,1.9729119740740741,2.534019957142857,mini_swe_agent_gpt_5_6_luna_xhigh,54,mini-swe-agent,0,2.088434205882353,gpt-5-6-luna,68,0.20588235294117646,2.0,openai,0.0,2.0,10.143823285714287,0.7501908416808128,7.609803328571429,xhigh,rare,14,5,gpt-5-6-luna,0.4117647058823529,17,7,142.013526
124,36,0.7349656,0.7116487212121212,mini_swe_agent_gpt_5_6_luna_high,91,mini-swe-agent,0,0.7287603016129032,gpt-5-6-luna,124,0.2661290322580645,3.0,openai,-2.0,1.0,2.7383720424242424,0.7401197827808276,2.0267233212121214,high,contested,33,5,gpt-5-6-luna,0.6129032258064516,31,19,90.3662774
124,36,0.07067860322580645,,mini_swe_agent_gpt_5_6_luna_low,124,mini-swe-agent,0,0.07067860322580645,gpt-5-6-luna,124,0.0,5.0,openai,,,,,,low,contested,0,5,gpt-5-6-luna,0.0,31,0,8.7641468
124,36,2.44859864,3.6049694463768116,mini_swe_agent_gpt_5_6_luna_max,55,mini-swe-agent,0,3.092063040322581,gpt-5-6-luna,124,0.5564516129032258,1.0,openai,2.0,3.0,5.556750971014493,0.3512450953477488,1.9517815246376813,max,contested,69,5,gpt-5-6-luna,0.8709677419354839,31,27,383.415817
124,36,0.203945865,0.19370345,mini_swe_agent_gpt_5_6_luna_medium,120,mini-swe-agent,0,0.20361546451612902,gpt-5-6-luna,124,0.03225806451612903,4.0,openai,0.0,4.0,6.3120794,0.9693122602355096,6.11837595,medium,contested,4,5,gpt-5-6-luna,0.12903225806451613,31,4,25.2483176
124,36,1.347918387654321,1.5254567023255814,mini_swe_agent_gpt_5_6_luna_xhigh,81,mini-swe-agent,0,1.409484093548387,gpt-5-6-luna,124,0.3467741935483871,2.0,openai,0.0,2.0,4.064558781395348,0.6246931624391721,2.5391020790697674,xhigh,contested,43,5,gpt-5-6-luna,0.6129032258064516,31,19,174.7760276
260,36,0.7349092079207921,0.7439021886792453,mini_swe_agent_gpt_5_6_luna_high,101,mini-swe-agent,0,0.7404087615384616,gpt-5-6-luna,260,0.6115384615384616,3.0,openai,-1.0,2.0,1.2107313081761006,0.3855761524826738,0.4668291194968553,high,common,159,5,gpt-5-6-luna,0.9230769230769231,65,60,192.506278
260,36,0.07166082529644269,0.06436651428571429,mini_swe_agent_gpt_5_6_luna_low,253,mini-swe-agent,0,0.07146444,gpt-5-6-luna,260,0.026923076923076925,5.0,openai,-1.0,4.0,2.654393485714286,0.9757509522864153,2.5900269714285717,low,common,7,5,gpt-5-6-luna,0.07692307692307693,65,5,18.5807544
256,36,2.449184475,2.6643210057692306,mini_swe_agent_gpt_5_6_luna_max,48,mini-swe-agent,0,2.62398290625,gpt-5-6-luna,256,0.8125,1.0,openai,4.0,5.0,3.2295174230769232,0.17500955816773434,0.5651964173076923,max,common,208,5,gpt-5-6-luna,0.9846153846153847,65,64,671.739624
260,36,0.2182191691588785,0.1915498347826087,mini_swe_agent_gpt_5_6_luna_medium,214,mini-swe-agent,0,0.21350074846153846,gpt-5-6-luna,260,0.17692307692307693,4.0,openai,-3.0,1.0,1.2067433608695652,0.8412671318576139,1.0151935260869567,medium,common,46,5,gpt-5-6-luna,0.4,65,26,55.5101946
260,36,1.3550549266666667,1.480035301,mini_swe_agent_gpt_5_6_luna_xhigh,60,mini-swe-agent,0,1.4511936761538462,gpt-5-6-luna,260,0.7692307692307693,2.0,openai,1.0,3.0,1.8865517790000002,0.21548121950592908,0.406516478,xhigh,common,200,5,gpt-5-6-luna,0.9692307692307692,65,63,377.3103558
96,36,3.975694839285714,3.606319825,mini_swe_agent_gpt_5_6_sol_high,56,mini-swe-agent,0,3.8217885833333334,gpt-5-6-sol,96,0.4166666666666667,3.0,openai,-1.0,2.0,9.1722926,0.6068245985741885,5.565972775,high,rare,40,5,gpt-5-6-sol,0.5833333333333334,24,14,366.891704
96,36,1.3162153012048192,0.8967480769230769,mini_swe_agent_gpt_5_6_sol_low,83,mini-swe-agent,0,1.2594124479166666,gpt-5-6-sol,96,0.13541666666666666,5.0,openai,-2.0,3.0,9.300276538461539,0.9035783427283531,8.403528461538462,low,rare,13,5,gpt-5-6-sol,0.375,24,9,120.903595
96,36,9.580124115384615,8.392693840909091,mini_swe_agent_gpt_5_6_sol_max,52,mini-swe-agent,0,9.035885239583333,gpt-5-6-sol,96,0.4583333333333333,1.0,openai,4.0,5.0,19.714658704545453,0.5742917000650865,11.321964863636364,max,rare,44,5,gpt-5-6-sol,0.625,24,15,867.444983
96,36,2.215699768115942,2.020879925925926,mini_swe_agent_gpt_5_6_sol_medium,69,mini-swe-agent,0,2.1609066875,gpt-5-6-sol,96,0.28125,4.0,openai,-3.0,1.0,7.683223777777778,0.7369750010703936,5.662343851851851,medium,rare,27,5,gpt-5-6-sol,0.5,24,12,207.447042
95,36,5.54209562264151,4.956199642857143,mini_swe_agent_gpt_5_6_sol_xhigh,53,mini-swe-agent,0,5.283067926315789,gpt-5-6-sol,95,0.4421052631578947,2.0,openai,2.0,4.0,11.9497965,0.5852481970837626,6.993596857142857,xhigh,rare,42,5,gpt-5-6-sol,0.6666666666666666,24,16,501.891453
151,36,3.3081661166666665,3.6032231978021976,mini_swe_agent_gpt_5_6_sol_high,60,mini-swe-agent,0,3.4859819735099338,gpt-5-6-sol,151,0.6026490066225165,2.0,openai,1.0,3.0,5.784431626373626,0.37708258467891526,2.1812084285714284,high,contested,91,5,gpt-5-6-sol,0.868421052631579,38,33,526.383278
152,36,0.9797754615384615,1.1484629791666667,mini_swe_agent_gpt_5_6_sol_low,104,mini-swe-agent,0,1.0330452039473683,gpt-5-6-sol,152,0.3157894736842105,5.0,openai,-4.0,1.0,3.2713098125,0.6489287028766655,2.122846833333333,low,contested,48,5,gpt-5-6-sol,0.631578947368421,38,24,157.022871
150,36,7.919887553571429,9.430119840425531,mini_swe_agent_gpt_5_6_sol_max,56,mini-swe-agent,0,8.866299786666668,gpt-5-6-sol,150,0.6266666666666667,1.0,openai,4.0,5.0,14.148350723404256,0.333482748287672,4.718230882978723,max,contested,94,5,gpt-5-6-sol,0.8157894736842105,38,31,1329.944968
152,36,1.653789628205128,2.137510864864865,mini_swe_agent_gpt_5_6_sol_medium,78,mini-swe-agent,0,1.8892854934210526,gpt-5-6-sol,152,0.4868421052631579,4.0,openai,-2.0,2.0,3.8806945270270274,0.4491937332407358,1.743183662162162,medium,contested,74,5,gpt-5-6-sol,0.7631578947368421,38,29,287.171395
152,36,4.271236048387097,5.010631088888889,mini_swe_agent_gpt_5_6_sol_xhigh,62,mini-swe-agent,0,4.709035743421053,gpt-5-6-sol,152,0.5921052631578947,3.0,openai,1.0,4.0,7.953038144444444,0.3699727075508823,2.942407055555556,xhigh,contested,90,5,gpt-5-6-sol,0.7894736842105263,38,30,715.773433
204,36,3.140583909090909,3.31058739010989,mini_swe_agent_gpt_5_6_sol_high,22,mini-swe-agent,0,3.292253681372549,gpt-5-6-sol,204,0.8921568627450981,3.0,openai,0.0,3.0,3.690218412087912,0.10287494657077172,0.379631021978022,high,common,182,5,gpt-5-6-sol,1.0,51,51,671.619751
204,36,1.0129226666666666,1.0199070555555556,mini_swe_agent_gpt_5_6_sol_low,60,mini-swe-agent,0,1.0178528235294118,gpt-5-6-sol,204,0.7058823529411765,5.0,openai,-4.0,1.0,1.4419581666666668,0.2926930342832029,0.4220511111111111,low,common,144,5,gpt-5-6-sol,0.9411764705882353,51,48,207.641976
204,36,6.561961866666667,7.820513105820106,mini_swe_agent_gpt_5_6_sol_max,15,mini-swe-agent,0,7.727972573529412,gpt-5-6-sol,204,0.9264705882352942,1.0,openai,4.0,5.0,8.34130373015873,0.062435158961501334,0.5207906243386243,max,common,189,5,gpt-5-6-sol,1.0,51,51,1576.506405
204,36,1.5637879655172413,1.72382908,mini_swe_agent_gpt_5_6_sol_medium,29,mini-swe-agent,0,1.701078137254902,gpt-5-6-sol,204,0.8578431372549019,4.0,openai,-2.0,2.0,1.982971085714286,0.1306837036511504,0.2591420057142857,medium,common,175,5,gpt-5-6-sol,0.9803921568627451,51,50,347.01994
204,36,3.6572244705882353,4.500078604278075,mini_swe_agent_gpt_5_6_sol_xhigh,17,mini-swe-agent,0,4.429840759803922,gpt-5-6-sol,204,0.9166666666666666,2.0,openai,2.0,4.0,4.832553556149732,0.06879902064376756,0.33247495187165776,xhigh,common,187,5,gpt-5-6-sol,1.0,51,51,903.687515
76,36,1.3537147416666666,1.12431078125,mini_swe_agent_gpt_5_6_terra_high,60,mini-swe-agent,0,1.3054191710526315,gpt-5-6-terra,76,0.21052631578947367,2.0,openai,-1.0,1.0,6.2007410625,0.818681223757358,5.0764302812499995,high,rare,16,5,gpt-5-6-terra,0.3684210526315789,19,7,99.211857
76,36,0.5062279154929578,0.39808350000000003,mini_swe_agent_gpt_5_6_terra_low,71,mini-swe-agent,0,0.4991131513157895,gpt-5-6-terra,76,0.06578947368421052,5.0,openai,-2.0,3.0,7.586519900000001,0.9475275218087807,7.1884364,low,rare,5,5,gpt-5-6-terra,0.15789473684210525,19,3,37.9325995
76,36,5.895873644230769,5.898831645833333,mini_swe_agent_gpt_5_6_terra_max,52,mini-swe-agent,0,5.89680775,gpt-5-6-terra,76,0.3157894736842105,1.0,openai,4.0,5.0,18.673224541666666,0.6841021414019349,12.774392895833332,max,rare,24,5,gpt-5-6-terra,0.5263157894736842,19,10,448.157389
75,36,0.6527969779411765,0.7832615714285714,mini_swe_agent_gpt_5_6_terra_medium,68,mini-swe-agent,0,0.6649736733333333,gpt-5-6-terra,75,0.09333333333333334,4.0,openai,-2.0,2.0,7.124717928571428,0.8900641991330565,6.3414563571428575,medium,rare,7,5,gpt-5-6-terra,0.3157894736842105,19,6,49.8730255
76,36,2.3705260573770492,2.2293125333333332,mini_swe_agent_gpt_5_6_terra_xhigh,61,mini-swe-agent,0,2.342654967105263,gpt-5-6-terra,76,0.19736842105263158,3.0,openai,1.0,4.0,11.869451833333333,0.8121806664169032,9.6401393,xhigh,rare,15,5,gpt-5-6-terra,0.47368421052631576,19,9,178.0417775
140,36,1.0776220058139534,1.1245142685185185,mini_swe_agent_gpt_5_6_terra_high,86,mini-swe-agent,0,1.0957090214285714,gpt-5-6-terra,140,0.38571428571428573,3.0,openai,-1.0,2.0,2.8407270925925925,0.6041456177009142,1.716212824074074,high,contested,54,5,gpt-5-6-terra,0.8,35,28,153.399263
138,36,0.42424728174603177,0.3464435416666667,mini_swe_agent_gpt_5_6_terra_low,126,mini-swe-agent,0,0.4174817391304348,gpt-5-6-terra,138,0.08695652173913043,5.0,openai,-2.0,3.0,4.8010399999999995,0.9278398968417955,4.4545964583333335,low,contested,12,5,gpt-5-6-terra,0.22857142857142856,35,8,57.61248
140,36,4.810848137931035,5.222360335365853,mini_swe_agent_gpt_5_6_terra_max,58,mini-swe-agent,0,5.051876710714286,gpt-5-6-terra,140,0.5857142857142857,1.0,openai,4.0,5.0,8.625155359756096,0.39451985297183895,3.402795024390244,max,contested,82,5,gpt-5-6-terra,0.9142857142857143,35,32,707.2627395
140,36,0.5742059409090909,0.5628265666666666,mini_swe_agent_gpt_5_6_terra_medium,110,mini-swe-agent,0,0.5717675035714286,gpt-5-6-terra,140,0.21428571428571427,4.0,openai,-3.0,1.0,2.66824835,0.7890651495515152,2.1054217833333335,medium,contested,30,5,gpt-5-6-terra,0.4857142857142857,35,17,80.0474505
140,36,2.0681475925925925,2.274557720338983,mini_swe_agent_gpt_5_6_terra_xhigh,81,mini-swe-agent,0,2.155134717857143,gpt-5-6-terra,140,0.42142857142857143,2.0,openai,2.0,4.0,5.113878991525424,0.5552187049970645,2.8393212711864404,xhigh,contested,59,5,gpt-5-6-terra,0.7428571428571429,35,26,301.7188605
236,36,1.1540193571428572,1.083374205202312,mini_swe_agent_gpt_5_6_terra_high,63,mini-swe-agent,0,1.1022328686440679,gpt-5-6-terra,236,0.7330508474576272,3.0,openai,0.0,3.0,1.5036240289017342,0.2794912927843922,0.420249823699422,high,common,173,5,gpt-5-6-terra,0.9491525423728814,59,56,260.126957
235,36,0.4187020138888889,0.3980159615384615,mini_swe_agent_gpt_5_6_terra_low,144,mini-swe-agent,0,0.410691670212766,gpt-5-6-terra,235,0.3872340425531915,5.0,openai,-4.0,1.0,1.06057739010989,0.6247176629918334,0.6625614285714285,low,common,91,5,gpt-5-6-terra,0.6610169491525424,59,39,96.5125425
235,36,3.940154537037037,4.6575616105769235,mini_swe_agent_gpt_5_6_terra_max,27,mini-swe-agent,0,4.575136117021277,gpt-5-6-terra,235,0.8851063829787233,1.0,openai,4.0,5.0,5.169023978365384,0.09894757113318768,0.5114623677884617,max,common,208,5,gpt-5-6-terra,0.9830508474576272,59,58,1075.1569875
235,36,0.5714065438596492,0.5570363140495868,mini_swe_agent_gpt_5_6_terra_medium,114,mini-swe-agent,0,0.5640074042553191,gpt-5-6-terra,235,0.5148936170212766,4.0,openai,-2.0,2.0,1.0953862809917356,0.4914704303715946,0.5383499669421488,medium,common,121,5,gpt-5-6-terra,0.7627118644067796,59,45,132.54174
236,36,2.0552448552631577,2.038538977272727,mini_swe_agent_gpt_5_6_terra_xhigh,38,mini-swe-agent,0,2.041228906779661,gpt-5-6-terra,236,0.8389830508474576,2.0,openai,2.0,4.0,2.432979909090909,0.16212256021693408,0.39444093181818174,xhigh,common,198,5,gpt-5-6-terra,0.9491525423728814,59,56,481.730022
76,40,3.4442856418181815,3.2967361220000004,mini_swe_agent_kimi_k2_7_code_default,66,mini-swe-agent,0,3.424871231315789,kimi-k2-7-code,76,0.13157894736842105,1.0,openrouter,0.0,1.0,26.029021358,0.8733438312314129,22.732285235999996,,rare,10,1,kimi-k2-7-code,0.3157894736842105,19,6,260.29021358
132,40,3.2364496918421053,2.4687930894444445,mini_swe_agent_kimi_k2_7_code_default,114,mini-swe-agent,0,3.1317692460606064,kimi-k2-7-code,132,0.13636363636363635,1.0,openrouter,0.0,1.0,22.966307804444444,0.892503701053476,20.497514714999998,,contested,18,1,kimi-k2-7-code,0.36363636363636365,33,12,413.39354048
244,40,2.5384220576865673,2.352637019727273,mini_swe_agent_kimi_k2_7_code_default,134,mini-swe-agent,0,2.454666507786885,kimi-k2-7-code,244,0.45081967213114754,1.0,openrouter,0.0,1.0,5.444896617272727,0.5679188816433992,3.0922595975454548,,common,110,1,kimi-k2-7-code,0.8360655737704918,61,51,598.9386279
