attempts,conditional_failed_spend_usd,conditional_successful_spend_usd,config,failures,harness,imputed_cost_rows,mean_cost_per_attempt_usd,model,observed_cost_rows,pass_rate,pass_rate_rank,provider,rank_displacement,realized_cpsc_rank,realized_cpsc_usd,realized_reliability_tax_share,realized_reliability_tax_usd,reasoning_effort,stratum,successes,task_coverage_rate,tasks_in_stratum,tasks_with_any_success,total_cost_usd
62,10.9464997875,12.204694727272727,mini_swe_agent_claude_fable_5_high,40,mini-swe-agent,0,11.392956056451613,claude-fable-5,62,0.3548387096774194,3.0,vertex_ai,20.0,23.0,32.10742161363636,0.6198793265265106,19.902726886363638,high,rare,22,0.5882352941176471,17,10,706.3632755
66,4.669952428571429,4.414264911764706,mini_swe_agent_claude_fable_5_low,49,mini-swe-agent,0,4.604093522727274,claude-fable-5,66,0.25757575757575757,7.0,vertex_ai,2.0,9.0,17.874716029411765,0.7530441935692126,13.460451117647061,low,rare,17,0.47058823529411764,17,8,303.8701725
65,24.39874436585366,27.076500354166665,mini_swe_agent_claude_fable_5_max,41,mini-swe-agent,0,25.38745426923077,claude-fable-5,65,0.36923076923076925,1.0,vertex_ai,31.0,32.0,68.75768864583334,0.6062040349605688,41.681188291666665,max,rare,24,0.5294117647058824,17,9,1650.1845275
65,7.686669645833333,7.124325147058824,mini_swe_agent_claude_fable_5_medium,48,mini-swe-agent,0,7.539594930769231,claude-fable-5,65,0.26153846153846155,6.0,vertex_ai,13.0,19.0,28.827862970588235,0.7528666917028345,21.703537823529413,medium,rare,17,0.5294117647058824,17,9,490.0736705
68,15.138272787234042,20.440697928571428,mini_swe_agent_claude_fable_5_xhigh,47,mini-swe-agent,0,16.77578643382353,claude-fable-5,68,0.3088235294117647,4.0,vertex_ai,25.0,29.0,54.321594166666664,0.623709534998985,33.88089623809524,xhigh,rare,21,0.6470588235294118,17,11,1140.7534775
68,5.500346844827586,4.7578069,mini_swe_agent_claude_opus_4_8_high,58,mini-swe-agent,0,5.391149794117647,claude-opus-4-8,68,0.14705882352941177,22.0,anthropic,3.0,25.0,36.6598186,0.8702173910920552,31.9020117,high,rare,10,0.4117647058823529,17,7,366.598186
68,3.05330285,2.35265021875,mini_swe_agent_claude_opus_4_8_low,60,mini-swe-agent,0,2.970873128676471,claude-opus-4-8,68,0.11764705882352941,26.5,anthropic,-10.5,16.0,25.25242159375,0.906834668904297,22.899771375,low,rare,8,0.29411764705882354,17,5,202.01937275
65,15.121318306603774,14.713428708333334,mini_swe_agent_claude_opus_4_8_max,53,mini-swe-agent,0,15.046015611538461,claude-opus-4-8,65,0.18461538461538463,15.0,anthropic,20.0,35.0,81.49925122916666,0.8194654737752027,66.78582252083334,max,rare,12,0.29411764705882354,17,5,977.99101475
68,4.520526580357143,4.324331083333334,mini_swe_agent_claude_opus_4_8_medium,56,mini-swe-agent,0,4.485903845588235,claude-opus-4-8,68,0.17647058823529413,17.0,anthropic,0.0,17.0,25.420121791666663,0.8298855088589329,21.095790708333336,medium,rare,12,0.47058823529411764,17,8,305.04146149999997
68,10.321436267857143,8.252428979166666,mini_swe_agent_claude_opus_4_8_xhigh,56,mini-swe-agent,0,9.956317334558824,claude-opus-4-8,68,0.17647058823529413,17.0,anthropic,13.0,30.0,56.419131562500006,0.8537299538185059,48.16670258333334,xhigh,rare,12,0.4117647058823529,17,7,677.02957875
68,6.365370658064516,6.166968225,mini_swe_agent_claude_sonnet_4_6_high,62,mini-swe-agent,0,6.347864561029412,claude-sonnet-4-6,68,0.08823529411764706,29.0,anthropic,4.0,33.0,71.942465025,0.9142791642897281,65.7754968,high,rare,6,0.17647058823529413,17,3,431.65479015
68,8.788347595238095,11.715288269999999,mini_swe_agent_claude_sonnet_5_high,63,mini-swe-agent,0,9.00356382132353,claude-sonnet-5,68,0.07352941176470588,31.0,anthropic,5.0,36.0,122.44846797,0.9043247460403485,110.7331797,high,rare,5,0.29411764705882354,17,5,612.24233985
68,2.6689117359375,3.4424691375,mini_swe_agent_claude_sonnet_5_low,64,mini-swe-agent,0,2.7144151125,claude-sonnet-5,68,0.058823529411764705,33.5,anthropic,-5.5,28.0,46.145056912499996,0.9253989621460953,42.702587775,low,rare,4,0.17647058823529413,17,3,184.58022764999998
66,28.643026094117644,31.87933594,mini_swe_agent_claude_sonnet_5_max,51,mini-swe-agent,0,29.378551059090906,claude-sonnet-5,66,0.22727272727272727,11.0,anthropic,26.0,37.0,129.26562466,0.7533811790733197,97.38628871999998,max,rare,15,0.5294117647058824,17,9,1938.9843698999998
68,4.4220665132812496,6.273142387500001,mini_swe_agent_claude_sonnet_5_medium,64,mini-swe-agent,0,4.530953329411765,claude-sonnet-5,68,0.058823529411764705,33.5,anthropic,0.5,34.0,77.0262066,0.9185583366440896,70.75306421249999,medium,rare,4,0.17647058823529413,17,3,308.1048264
68,14.142653428571428,16.58730969,mini_swe_agent_claude_sonnet_5_xhigh,63,mini-swe-agent,0,14.322407565441177,claude-sonnet-5,68,0.07352941176470588,31.0,anthropic,7.0,38.0,194.78474289,0.914842869909132,178.19743319999998,xhigh,rare,5,0.23529411764705882,17,4,973.9237144499999
68,11.792103043076924,10.431735333333332,mini_swe_agent_gemini_3_1_pro_preview_high,65,mini-swe-agent,0,11.732086820588236,gemini-3-1-pro-preview,68,0.04411764705882353,35.5,vertex_ai,3.5,39.0,265.9273012666667,0.960772228787173,255.49556593333338,high,rare,3,0.11764705882352941,17,2,797.7819038
68,9.267651519827586,9.152036835,mini_swe_agent_gemini_3_5_flash_medium,58,mini-swe-agent,0,9.250649360294117,gemini-3-5-flash,68,0.14705882352941177,22.0,vertex_ai,9.0,31.0,62.90441565,0.8545088331171868,53.752378815,medium,rare,10,0.47058823529411764,17,8,629.0441565
68,3.6463819671428572,3.2162600133333332,mini_swe_agent_glm_5_2_high,56,mini-swe-agent,0,3.5704780929411766,glm-5-2,68,0.17647058823529413,17.0,zai,-5.0,12.0,20.232709193333335,0.8410366114295218,17.016449180000002,high,rare,12,0.4117647058823529,17,7,242.79251032000002
68,4.668432862666667,5.911625910000001,mini_swe_agent_glm_5_2_max,60,mini-swe-agent,0,4.814690868235294,glm-5-2,68,0.11764705882352941,26.5,zai,0.5,27.0,40.924872380000004,0.8555493135052753,35.013246470000006,max,rare,8,0.29411764705882354,17,5,327.39897904000003
68,5.957153863636364,6.503808192307692,mini_swe_agent_gpt_5_4_xhigh,55,mini-swe-agent,0,6.061661308823529,gpt-5-4,68,0.19117647058823528,13.5,openai,8.5,22.0,31.707151461538462,0.7948788240975552,25.20334326923077,xhigh,rare,13,0.4117647058823529,17,7,412.192969
68,6.079853574074074,5.7355563571428565,mini_swe_agent_gpt_5_5_high,54,mini-swe-agent,0,6.008968852941177,gpt-5-5,68,0.20588235294117646,12.0,openai,8.0,20.0,29.18642014285714,0.8034854453177419,23.450863785714283,high,rare,14,0.5294117647058824,17,9,408.60988199999997
68,1.4308911029411764,,mini_swe_agent_gpt_5_5_low,68,mini-swe-agent,0,1.4308911029411764,gpt-5-5,68,0.0,40.5,openai,,,,,,low,rare,0,0.0,17,0,97.300595
68,2.9379000175438597,4.297926454545454,mini_swe_agent_gpt_5_5_medium,57,mini-swe-agent,0,3.157904294117647,gpt-5-5,68,0.16176470588235295,19.5,openai,-9.5,10.0,19.521590181818183,0.7798372768552219,15.223663727272728,medium,rare,11,0.35294117647058826,17,6,214.737492
68,7.809865784313725,10.181193176470588,mini_swe_agent_gpt_5_5_xhigh,51,mini-swe-agent,0,8.402697632352941,gpt-5-5,68,0.25,9.0,openai,15.0,24.0,33.61079052941176,0.6970855782888732,23.429597352941176,xhigh,rare,17,0.7058823529411765,17,12,571.383439
68,0.9311389492063492,1.10130232,mini_swe_agent_gpt_5_6_luna_high,63,mini-swe-agent,0,0.9436509617647059,gpt-5-6-luna,68,0.07352941176470588,31.0,openai,-27.0,4.0,12.83365308,0.914186372879576,11.73235076,high,rare,5,0.23529411764705882,17,4,64.1682654
68,0.07651857941176471,,mini_swe_agent_gpt_5_6_luna_low,68,mini-swe-agent,0,0.07651857941176471,gpt-5-6-luna,68,0.0,40.5,openai,,,,,,low,rare,0,0.0,17,0,5.2032634
68,3.861600776744186,4.427830264,mini_swe_agent_gpt_5_6_luna_max,43,mini-swe-agent,0,4.069773382352941,gpt-5-6-luna,68,0.36764705882352944,2.0,openai,-1.0,1.0,11.069783600000001,0.6000075137873517,6.641953336,max,rare,25,0.6470588235294118,17,11,276.74459
68,0.23621084776119403,0.2176264,mini_swe_agent_gpt_5_6_luna_medium,67,mini-swe-agent,0,0.23593754705882353,gpt-5-6-luna,68,0.014705882352941176,39.0,openai,-33.0,6.0,16.0437532,0.9864354432976442,15.826126799999999,medium,rare,1,0.058823529411764705,17,1,16.0437532
68,1.8226003824561403,2.591071,mini_swe_agent_gpt_5_6_luna_xhigh,57,mini-swe-agent,0,1.946911805882353,gpt-5-6-luna,68,0.16176470588235295,19.5,openai,-16.5,3.0,12.035454799999998,0.7847134949981284,9.444383799999999,xhigh,rare,11,0.29411764705882354,17,5,132.3900028
68,3.8590776,4.349795692307692,mini_swe_agent_gpt_5_6_sol_high,55,mini-swe-agent,0,3.9528913529411764,gpt-5-6-sol,68,0.19117647058823528,13.5,openai,-0.5,13.0,20.67666246153846,0.789627765099956,16.32686676923077,high,rare,13,0.4117647058823529,17,7,268.796612
68,1.3373252153846154,0.9021243333333333,mini_swe_agent_gpt_5_6_sol_low,65,mini-swe-agent,0,1.3181251764705884,gpt-5-6-sol,68,0.04411764705882353,35.5,openai,-14.5,21.0,29.877504000000002,0.969805900341162,28.97537966666667,low,rare,3,0.17647058823529413,17,3,89.632512
68,9.46914568627451,9.496088411764706,mini_swe_agent_gpt_5_6_sol_max,51,mini-swe-agent,0,9.475881367647059,gpt-5-6-sol,68,0.25,9.0,openai,17.0,26.0,37.903525470588235,0.7494668821998279,28.407437058823533,max,rare,17,0.4117647058823529,17,7,644.359933
68,2.1539588644067797,3.00534,mini_swe_agent_gpt_5_6_sol_medium,59,mini-swe-agent,0,2.266641661764706,gpt-5-6-sol,68,0.1323529411764706,24.0,openai,-16.0,8.0,17.125737,0.824513245765715,14.120397,medium,rare,9,0.29411764705882354,17,5,154.131633
68,5.468840857142857,5.756192210526316,mini_swe_agent_gpt_5_6_sol_xhigh,49,mini-swe-agent,0,5.549130205882353,gpt-5-6-sol,68,0.27941176470588236,5.0,openai,6.0,11.0,19.86004494736842,0.7101621760786072,14.103852736842105,xhigh,rare,19,0.47058823529411764,17,8,377.340854
68,1.3418435833333333,1.2571349375,mini_swe_agent_gpt_5_6_terra_high,60,mini-swe-agent,0,1.3318778602941177,gpt-5-6-terra,68,0.11764705882352941,26.5,openai,-24.5,2.0,11.3209618125,0.8889551119135533,10.063826875,high,rare,8,0.17647058823529413,17,3,90.5676945
68,0.49411177272727275,0.49409200000000003,mini_swe_agent_gpt_5_6_terra_low,66,mini-swe-agent,0,0.4941111911764706,gpt-5-6-terra,68,0.029411764705882353,38.0,openai,-31.0,7.0,16.7997805,0.9705893776409759,16.305688500000002,low,rare,2,0.11764705882352941,17,2,33.599561
68,5.9535905,6.1505168823529415,mini_swe_agent_gpt_5_6_terra_max,51,mini-swe-agent,0,6.002822095588235,gpt-5-6-terra,68,0.25,9.0,openai,6.0,15.0,24.011288382352944,0.7438489436962801,17.8607715,max,rare,17,0.47058823529411764,17,8,408.1919025
67,0.6706143384615385,1.39600075,mini_swe_agent_gpt_5_6_terra_medium,65,mini-swe-agent,0,0.6922676641791045,gpt-5-6-terra,67,0.029850746268656716,37.0,openai,-23.0,14.0,23.19096675,0.9398041157555452,21.794966000000002,medium,rare,2,0.11764705882352941,17,2,46.3819335
68,2.3525605086206895,2.3652538,mini_swe_agent_gpt_5_6_terra_xhigh,58,mini-swe-agent,0,2.3544271691176473,gpt-5-6-terra,68,0.14705882352941177,22.0,openai,-17.0,5.0,16.01010475,0.8522649391160291,13.644850949999999,xhigh,rare,10,0.29411764705882354,17,5,160.1010475
68,3.4092705271666666,2.78770916,mini_swe_agent_kimi_k2_7_code_default,60,mini-swe-agent,0,3.3361456604411766,kimi-k2-7-code,68,0.11764705882352941,26.5,openrouter,-8.5,18.0,28.35723811375,0.9016932061995034,25.569528953749998,,rare,8,0.23529411764705882,17,4,226.85790491
119,7.683561169822212,13.698001612068966,mini_swe_agent_claude_fable_5_high,61,mini-swe-agent,4,10.614969116463488,claude-fable-5,115,0.48739495798319327,12.0,vertex_ai,19.0,31.0,21.778988359640604,0.37104509236741195,8.080986747571638,high,contested,58,0.7741935483870968,31,24,1263.181324859155
118,3.7084639344835493,5.254227122807017,mini_swe_agent_claude_fable_5_low,61,mini-swe-agent,4,4.455146152572004,claude-fable-5,114,0.4830508474576271,13.0,vertex_ai,1.0,14.0,9.22293414041222,0.43030850672732013,3.968707017605202,low,contested,57,0.7419354838709677,31,23,525.7072460034965
118,19.699247023226615,24.385026644067796,mini_swe_agent_claude_fable_5_max,59,mini-swe-agent,4,22.042136833647206,claude-fable-5,114,0.5,10.0,vertex_ai,28.0,38.0,44.08427366729441,0.44685429484213657,19.699247023226615,max,contested,59,0.7419354838709677,31,23,2600.9721463703704
118,5.739154366368488,8.91042866101695,mini_swe_agent_claude_fable_5_medium,59,mini-swe-agent,4,7.324791513692718,claude-fable-5,114,0.5,10.0,vertex_ai,14.0,24.0,14.649583027385436,0.39176230174196125,5.739154366368488,medium,contested,59,0.7096774193548387,31,22,864.3253986157407
124,11.75119142825255,16.135370411764708,mini_swe_agent_claude_fable_5_xhigh,56,mini-swe-agent,4,14.155418612759217,claude-fable-5,120,0.5483870967741935,5.0,vertex_ai,27.0,32.0,25.812822176207984,0.37490870616089045,9.677451764443276,xhigh,contested,68,0.8064516129032258,31,25,1755.271907982143
124,4.30857971474359,5.059515456521739,mini_swe_agent_claude_opus_4_8_high,78,mini-swe-agent,0,4.587152651209678,claude-opus-4-8,124,0.3709677419354839,21.5,anthropic,-2.5,19.0,12.365368016304348,0.5908317932915124,7.3058525597826085,high,contested,46,0.6129032258064516,31,19,568.80692875
123,2.4752321095238097,2.602750888888889,mini_swe_agent_claude_opus_4_8_low,105,mini-swe-agent,0,2.493893394308943,claude-opus-4-8,123,0.14634146341463414,35.0,anthropic,-8.0,27.0,17.04160486111111,0.847270787575391,14.438853972222223,low,contested,18,0.41935483870967744,31,13,306.7488875
116,12.684824394366197,15.593138516666667,mini_swe_agent_claude_opus_4_8_max,71,mini-swe-agent,0,13.813049700431034,claude-opus-4-8,116,0.3879310344827586,19.0,anthropic,17.0,36.0,35.60697256111111,0.562076262172959,20.013834044444444,max,contested,45,0.6451612903225806,31,20,1602.31376525
124,3.4813442672413792,4.150888952702703,mini_swe_agent_claude_opus_4_8_medium,87,mini-swe-agent,0,3.681127762096774,claude-opus-4-8,124,0.29838709677419356,26.0,anthropic,-8.0,18.0,12.336752500000001,0.6635347144475254,8.185863547297297,medium,contested,37,0.6129032258064516,31,19,456.45984250000004
122,7.580146309859155,9.332921789215685,mini_swe_agent_claude_opus_4_8_xhigh,71,mini-swe-agent,0,8.312863928278688,claude-opus-4-8,122,0.4180327868852459,17.0,anthropic,13.0,30.0,19.885674495098037,0.5306710973511953,10.552752705882353,xhigh,contested,51,0.7096774193548387,31,22,1014.16939925
123,5.632362940625,6.853982405555556,mini_swe_agent_claude_sonnet_4_6_high,96,mini-swe-agent,0,5.9005233109756094,claude-sonnet-4-6,123,0.21951219512195122,31.0,anthropic,2.0,33.0,26.88016175,0.7450170698635935,20.026179344444444,high,contested,27,0.4838709677419355,31,15,725.76436725
124,6.6473889,8.451529093269231,mini_swe_agent_claude_sonnet_5_high,72,mini-swe-agent,0,7.403963819758065,claude-sonnet-5,124,0.41935483870967744,16.0,anthropic,12.0,28.0,17.65560603173077,0.5213118667192682,9.204076938461538,high,contested,52,0.8064516129032258,31,25,918.09151365
121,2.301952296,2.0997550357142853,mini_swe_agent_claude_sonnet_5_low,100,mini-swe-agent,0,2.266860209504132,claude-sonnet-5,121,0.17355371900826447,33.0,anthropic,-11.0,22.0,13.061432635714285,0.8392400669760484,10.9616776,low,contested,21,0.4838709677419355,31,15,274.29008534999997
121,21.7202989825,30.356610959016393,mini_swe_agent_claude_sonnet_5_max,60,mini-swe-agent,0,26.074142210330578,claude-sonnet-5,121,0.5041322314049587,8.0,anthropic,31.0,39.0,51.72083946639344,0.41306809262558175,21.36422850737705,max,contested,61,0.7419354838709677,31,23,3154.97120745
123,4.109883125274725,4.163585625,mini_swe_agent_claude_sonnet_5_medium,91,mini-swe-agent,0,4.123854507317073,claude-sonnet-5,123,0.2601626016260163,28.0,anthropic,-2.0,26.0,15.8510657625,0.737330871792224,11.687480137499998,medium,contested,32,0.5161290322580645,31,16,507.2341044
123,10.747112991549296,14.04428412403846,mini_swe_agent_claude_sonnet_5_xhigh,71,mini-swe-agent,0,12.141038998780488,claude-sonnet-5,123,0.42276422764227645,15.0,anthropic,20.0,35.0,28.718226862499996,0.5109627000552267,14.67394273846154,xhigh,contested,52,0.7741935483870968,31,24,1493.34779685
124,8.305494783193277,18.557767719999998,mini_swe_agent_gemini_3_1_pro_preview_high,119,mini-swe-agent,0,8.718892885483871,gemini-3-1-pro-preview,124,0.04032258064516129,39.0,vertex_ai,1.0,40.0,216.22854356,0.9141752175061453,197.67077584,high,contested,5,0.16129032258064516,31,5,1081.1427178
124,6.995661687,8.240698881250001,mini_swe_agent_gemini_3_5_flash_medium,100,mini-swe-agent,0,7.236636627822581,gemini-3-5-flash,124,0.1935483870967742,32.0,vertex_ai,5.0,37.0,37.38928924375,0.7795973379561497,29.148590362500002,medium,contested,24,0.5161290322580645,31,16,897.34294185
124,3.2103407357446807,2.3853011066666667,mini_swe_agent_glm_5_2_high,94,mini-swe-agent,0,3.0107343738709678,glm-5-2,124,0.24193548387096775,29.0,zai,-9.0,20.0,12.444368745333334,0.8083228522490415,10.059067638666667,high,contested,30,0.5161290322580645,31,16,373.33106236000003
123,3.9452211314285717,4.45561416923077,mini_swe_agent_glm_5_2_max,84,mini-swe-agent,0,4.107053070243903,glm-5-2,123,0.3170731707317073,25.0,zai,-4.0,21.0,12.95301352923077,0.6560171762983272,8.49739936,max,contested,39,0.7096774193548387,31,22,505.16752764
124,5.16486831097561,9.029168142857143,mini_swe_agent_gpt_5_4_xhigh,82,mini-swe-agent,0,6.473744060483871,gpt-5-4,124,0.3387096774193548,24.0,openai,5.0,29.0,19.112958654761904,0.5275891971540698,10.083790511904763,xhigh,contested,42,0.6451612903225806,31,20,802.7442635
124,4.789783048387097,5.3488707419354835,mini_swe_agent_gpt_5_5_high,62,mini-swe-agent,0,5.06932689516129,gpt-5-5,124,0.5,10.0,openai,7.0,17.0,10.13865379032258,0.47242791276283447,4.789783048387097,high,contested,62,0.9354838709677419,31,29,628.596535
124,1.1695254528301888,0.9618723333333334,mini_swe_agent_gpt_5_5_low,106,mini-swe-agent,0,1.139382258064516,gpt-5-5,124,0.14516129032258066,36.0,openai,-24.0,12.0,7.849077777777778,0.8774540958102652,6.8872054444444455,low,contested,18,0.25806451612903225,31,8,141.2834
124,2.793139346153846,2.7460979130434784,mini_swe_agent_gpt_5_5_medium,78,mini-swe-agent,0,2.775688491935484,gpt-5-5,124,0.3709677419354839,21.5,openai,-10.5,11.0,7.482290717391305,0.632987006684912,4.736192804347826,medium,contested,46,0.7419354838709677,31,23,344.185373
124,5.977482423728813,8.750576584615384,mini_swe_agent_gpt_5_5_xhigh,59,mini-swe-agent,0,7.431120491935484,gpt-5-5,124,0.5241935483870968,6.0,openai,17.0,23.0,14.1762914,0.3827316088737154,5.425714815384615,xhigh,contested,65,0.7741935483870968,31,24,921.458941
124,0.8315102263736264,0.7634372424242424,mini_swe_agent_gpt_5_6_luna_high,91,mini-swe-agent,0,0.8133940290322581,gpt-5-6-luna,124,0.2661290322580645,27.0,openai,-26.0,1.0,3.056389684848485,0.7502159995471623,2.2929524424242427,high,contested,33,0.6451612903225806,31,20,100.8608596
124,0.07261008225806452,,mini_swe_agent_gpt_5_6_luna_low,124,mini-swe-agent,0,0.07261008225806452,gpt-5-6-luna,124,0.0,41.0,openai,,,,,,low,contested,0,0.0,31,0,9.0036502
124,2.8719021345454547,4.343732391304348,mini_swe_agent_gpt_5_6_luna_max,55,mini-swe-agent,0,3.6909044548387095,gpt-5-6-luna,124,0.5564516129032258,4.0,openai,6.0,10.0,6.632929744927536,0.34512612701405865,2.2891973536231887,max,contested,69,0.8709677419354839,31,27,457.6721524
124,0.21320952231404958,0.18353160000000002,mini_swe_agent_gpt_5_6_luna_medium,121,mini-swe-agent,0,0.21249150806451614,gpt-5-6-luna,124,0.024193548387096774,40.0,openai,-27.0,13.0,8.782982333333333,0.9791037266119211,8.599450733333333,medium,contested,3,0.0967741935483871,31,3,26.348947
124,1.5260948897435898,1.8739895608695651,mini_swe_agent_gpt_5_6_luna_xhigh,78,mini-swe-agent,0,1.6551525903225806,gpt-5-6-luna,124,0.3709677419354839,21.5,openai,-16.5,5.0,4.46171567826087,0.5799845404761366,2.587726117391304,xhigh,contested,46,0.6774193548387096,31,21,205.2389212
123,3.478983153846154,3.9040534929577464,mini_swe_agent_gpt_5_6_sol_high,52,mini-swe-agent,0,3.7243489593495935,gpt-5-6-sol,123,0.5772357723577236,2.0,openai,7.0,9.0,6.452041154929577,0.3949118737448044,2.547987661971831,high,contested,71,0.8387096774193549,31,26,458.094922
124,1.0401894479166667,1.0046631428571429,mini_swe_agent_gpt_5_6_sol_low,96,mini-swe-agent,0,1.032167379032258,gpt-5-6-sol,124,0.22580645161290322,30.0,openai,-24.0,6.0,4.571026964285714,0.7802106286603069,3.5663638214285713,low,contested,28,0.5483870967741935,31,17,127.988755
122,8.440399142857142,10.097141410958905,mini_swe_agent_gpt_5_6_sol_max,49,mini-swe-agent,0,9.431728532786885,gpt-5-6-sol,122,0.5983606557377049,1.0,openai,24.0,25.0,15.762614808219178,0.3594247189435917,5.665473397260274,max,contested,73,0.8387096774193549,31,26,1150.670881
124,1.8134594366197183,2.17776120754717,mini_swe_agent_gpt_5_6_sol_medium,71,mini-swe-agent,0,1.969169064516129,gpt-5-6-sol,124,0.4274193548387097,14.0,openai,-7.0,7.0,4.607112528301887,0.527304533117219,2.429351320754717,medium,contested,53,0.7096774193548387,31,22,244.176964
123,4.47363715,5.3939499841269845,mini_swe_agent_gpt_5_6_sol_xhigh,60,mini-swe-agent,0,4.945016894308943,gpt-5-6-sol,123,0.5121951219512195,7.0,openai,8.0,15.0,9.654556793650794,0.4413052717578654,4.260606809523809,xhigh,contested,63,0.7741935483870968,31,24,608.237078
124,1.149484064102564,1.1346392934782608,mini_swe_agent_gpt_5_6_terra_high,78,mini-swe-agent,0,1.143977133064516,gpt-5-6-terra,124,0.3709677419354839,21.5,openai,-19.5,2.0,3.083764445652174,0.6320603231942704,1.949125152173913,high,contested,46,0.8064516129032258,31,25,141.8531645
122,0.43251785454545455,0.34897229166666666,mini_swe_agent_gpt_5_6_terra_low,110,mini-swe-agent,0,0.4243002581967213,gpt-5-6-terra,122,0.09836065573770492,38.0,openai,-34.0,4.0,4.313719291666667,0.9191017615956562,3.9647469999999996,low,contested,12,0.22580645161290322,31,7,51.7646315
124,4.812623518518518,6.176494442857143,mini_swe_agent_gpt_5_6_terra_max,54,mini-swe-agent,0,5.582550653225806,gpt-5-6-terra,124,0.5645161290322581,3.0,openai,13.0,16.0,9.889089728571427,0.3754233592388088,3.7125952857142854,max,contested,70,0.9032258064516129,31,28,692.236281
124,0.568893980952381,0.5449272105263158,mini_swe_agent_gpt_5_6_terra_medium,105,mini-swe-agent,0,0.5652216532258064,gpt-5-6-terra,124,0.1532258064516129,34.0,openai,-31.0,3.0,3.688815,0.8522758092974801,3.143887789473684,medium,contested,19,0.45161290322580644,31,14,70.087485
124,2.115986006756757,2.48037605,mini_swe_agent_gpt_5_6_terra_xhigh,74,mini-swe-agent,0,2.2629174758064514,gpt-5-6-terra,124,0.4032258064516129,18.0,openai,-10.0,8.0,5.61203534,0.5580255825687654,3.13165929,xhigh,contested,50,0.7741935483870968,31,24,280.601767
124,3.360500089816514,2.4722023466666667,mini_swe_agent_kimi_k2_7_code_default,109,mini-swe-agent,0,3.2530447176612904,kimi-k2-7-code,124,0.12096774193548387,37.0,openrouter,-3.0,34.0,26.891836332666667,0.9080686675285325,24.419633986,,contested,15,0.3225806451612903,31,10,403.37754499
249,6.382195720588236,8.185326406976744,mini_swe_agent_claude_fable_5_high,34,mini-swe-agent,0,7.939115791164659,claude-fable-5,249,0.8634538152610441,7.0,vertex_ai,24.0,31.0,9.194603869767443,0.10976845518155261,1.0092774627906977,high,common,215,0.9846153846153847,65,64,1976.8398320000001
249,3.7463588384615383,3.0112408722826087,mini_swe_agent_claude_fable_5_low,65,mini-swe-agent,0,3.2031391365461848,claude-fable-5,249,0.7389558232931727,16.0,vertex_ai,0.0,16.0,4.33468285326087,0.3053146045004584,1.323441980978261,low,common,184,0.9384615384615385,65,61,797.581645
253,18.399402921874998,20.781866719457014,mini_swe_agent_claude_fable_5_max,32,mini-swe-agent,0,20.480527424901187,claude-fable-5,253,0.8735177865612648,5.0,vertex_ai,34.0,39.0,23.44603365837104,0.11362974982179248,2.6641669389140272,max,common,221,0.9692307692307692,65,63,5181.5734385
253,4.707228943181819,5.229340593301435,mini_swe_agent_claude_fable_5_medium,44,mini-swe-agent,0,5.138538567193676,claude-fable-5,253,0.8260869565217391,10.0,vertex_ai,16.0,26.0,6.220336160287082,0.15931543592652223,0.990995566985646,medium,common,209,0.9692307692307692,65,63,1300.0502575
260,11.924707515151516,12.219484504405287,mini_swe_agent_claude_fable_5_xhigh,33,mini-swe-agent,0,12.182070501923077,claude-fable-5,260,0.8730769230769231,6.0,vertex_ai,30.0,36.0,13.953032292951542,0.12424165243435777,1.7335477885462556,xhigh,common,227,0.9846153846153847,65,64,3167.3383305
260,3.259161490853659,4.116744556179776,mini_swe_agent_claude_opus_4_8_high,82,mini-swe-agent,0,3.8462760509615386,claude-opus-4-8,260,0.6846153846153846,21.0,anthropic,2.0,23.0,5.618156029494382,0.2672427510792593,1.501411473314607,high,common,178,0.9538461538461539,65,62,1000.03177325
260,1.9669520294117648,2.056406009493671,mini_swe_agent_claude_opus_4_8_low,102,mini-swe-agent,0,2.021312525,claude-opus-4-8,260,0.6076923076923076,28.0,anthropic,-15.0,13.0,3.3262104841772153,0.3817571018803545,1.2698044746835444,low,common,158,0.9076923076923077,65,59,525.5412565
248,11.687984033653846,12.675553121173468,mini_swe_agent_claude_opus_4_8_max,52,mini-swe-agent,0,12.468482183467742,claude-opus-4-8,248,0.7903225806451613,14.0,anthropic,23.0,37.0,15.776446844387754,0.19655209780758615,3.100893723214286,max,common,196,0.9692307692307692,65,63,3092.1835815
260,2.7969990617977527,3.1940888304093566,mini_swe_agent_claude_opus_4_8_medium,89,mini-swe-agent,0,3.0581619480769233,claude-opus-4-8,260,0.6576923076923077,23.0,anthropic,-6.0,17.0,4.6498368801169585,0.3130750792425616,1.4557480497076023,medium,common,171,0.9076923076923077,65,59,795.1221065
257,6.605939646103896,7.661025938888889,mini_swe_agent_claude_opus_4_8_xhigh,77,mini-swe-agent,0,7.344910590466926,claude-opus-4-8,257,0.7003891050583657,19.0,anthropic,13.0,32.0,10.486900120833333,0.26946706361115685,2.825874181944444,xhigh,common,180,0.9538461538461539,65,62,1887.64202175
260,5.118966383544303,5.140831522058823,mini_swe_agent_claude_sonnet_4_6_high,158,mini-swe-agent,0,5.127544245576923,claude-sonnet-4-6,260,0.3923076923076923,37.0,anthropic,-3.0,34.0,13.070210822058822,0.6066757000290652,7.9293793,high,common,102,0.7076923076923077,65,46,1333.16150385
260,6.830387807575757,7.1416828969639585,mini_swe_agent_claude_sonnet_5_high,99,mini-swe-agent,1,7.023151305235374,claude-sonnet-5,259,0.6192307692307693,27.0,anthropic,6.0,33.0,11.34173502708818,0.37031830845042446,4.200052130124224,high,common,161,0.9230769230769231,65,60,1826.0193393611971
260,2.1392455682432434,1.8418265651785715,mini_swe_agent_claude_sonnet_5_low,148,mini-swe-agent,0,2.011126613076923,claude-sonnet-5,260,0.4307692307692308,35.0,anthropic,-17.0,18.0,4.668686780357143,0.6054936533913985,2.826860215178572,low,common,112,0.7230769230769231,65,47,522.8929194
255,25.141506551612903,26.151987466666668,mini_swe_agent_claude_sonnet_5_max,93,mini-swe-agent,0,25.783459132941175,claude-sonnet-5,255,0.6352941176470588,25.0,anthropic,15.0,40.0,40.58507456111111,0.3556254916499359,14.433087094444444,max,common,162,0.8769230769230769,65,57,6574.7820789
259,3.9788709995689655,3.9068415125874125,mini_swe_agent_claude_sonnet_5_medium,116,mini-swe-agent,0,3.9391018233590733,claude-sonnet-5,259,0.5521235521235521,30.0,anthropic,-3.0,27.0,7.134457148601399,0.45239820897189215,3.2276156360139856,medium,common,143,0.8307692307692308,65,54,1020.22737225
260,9.756824462903227,11.904311324550898,mini_swe_agent_claude_sonnet_5_xhigh,93,mini-swe-agent,0,11.13617179326923,claude-sonnet-5,260,0.6423076923076924,24.0,anthropic,14.0,38.0,17.33775249251497,0.313387860987737,5.433441167964072,xhigh,common,167,0.8769230769230769,65,57,2895.40466625
259,8.661636327102803,12.081114666666666,mini_swe_agent_gemini_3_1_pro_preview_high,214,mini-swe-agent,0,9.255754185328184,gemini-3-1-pro-preview,259,0.17374517374517376,40.0,vertex_ai,1.0,41.0,53.272007422222224,0.773218332642988,41.19089275555555,high,common,45,0.38461538461538464,65,25,2397.240334
260,7.627631694,6.2123213433333335,mini_swe_agent_gemini_3_5_flash_medium,125,mini-swe-agent,0,6.892759011923077,gemini-3-5-flash,260,0.5192307692307693,32.0,vertex_ai,3.0,35.0,13.274943282222223,0.5320265246140176,7.0626219388888885,medium,common,135,0.7846153846153846,65,51,1792.1173431
260,2.6827681350724637,2.4205563137704917,mini_swe_agent_glm_5_2_high,138,mini-swe-agent,0,2.5597302804615385,glm-5-2,260,0.46923076923076923,33.0,zai,-12.0,21.0,5.455162892786885,0.5562815700753714,3.034606579016393,high,common,122,0.8307692307692308,65,54,665.52987292
259,3.3847948025688073,3.7496617885333334,mini_swe_agent_glm_5_2_max,109,mini-swe-agent,0,3.596107728803089,glm-5-2,259,0.5791505791505791,29.0,zai,-4.0,25.0,6.209279345066666,0.3961196492935245,2.4596175565333334,max,common,150,0.9230769230769231,65,60,931.39190176
260,5.186839456790123,5.138769067039107,mini_swe_agent_gpt_5_4_xhigh,81,mini-swe-agent,0,5.153744842307693,gpt-5-4,260,0.6884615384615385,20.0,openai,8.0,28.0,7.4858863631284915,0.3135389962169398,2.3471172960893854,xhigh,common,179,0.9384615384615385,65,61,1339.973659
260,4.547969355555556,4.946662734883721,mini_swe_agent_gpt_5_5_high,45,mini-swe-agent,0,4.877658111538461,gpt-5-5,260,0.8269230769230769,9.0,openai,15.0,24.0,5.898563297674419,0.16137837550476,0.9519005627906978,high,common,215,0.9846153846153847,65,64,1268.191109
260,1.1928559487179489,1.1329041057692308,mini_swe_agent_gpt_5_5_low,156,mini-swe-agent,0,1.1688752115384615,gpt-5-5,260,0.4,36.0,openai,-25.0,11.0,2.9221880288461537,0.6123096479125043,1.7892839230769233,low,common,104,0.7076923076923077,65,46,303.907555
260,2.629208383561644,2.630202347593583,mini_swe_agent_gpt_5_5_medium,73,mini-swe-agent,0,2.629923273076923,gpt-5-5,260,0.7192307692307692,18.0,openai,-4.0,14.0,3.656577812834225,0.2806929095391231,1.0263754652406418,medium,common,187,0.9076923076923077,65,59,683.7800510000001
260,5.791746717948718,7.002436538461539,mini_swe_agent_gpt_5_5_xhigh,39,mini-swe-agent,0,6.820833065384615,gpt-5-5,260,0.85,8.0,openai,21.0,29.0,8.024509488687784,0.12736890045018565,1.0220729502262444,xhigh,common,221,0.9846153846153847,65,64,1773.4165970000001
260,0.6813982469387755,0.7395369493827161,mini_swe_agent_gpt_5_6_luna_high,98,mini-swe-agent,0,0.7176231307692308,gpt-5-6-luna,260,0.6230769230769231,26.0,openai,-23.0,3.0,1.1517408271604939,0.3578963843749698,0.4122038777777778,high,common,162,0.9384615384615385,65,61,186.58201400000002
260,0.07142348221343874,0.06436651428571429,mini_swe_agent_gpt_5_6_luna_low,253,mini-swe-agent,0,0.07123348692307692,gpt-5-6-luna,260,0.026923076923076925,41.0,openai,-31.0,10.0,2.6458152285714287,0.9756723320696631,2.5814487142857145,low,common,7,0.07692307692307693,65,5,18.5207066
256,2.182869918367347,2.4889804956521737,mini_swe_agent_gpt_5_6_luna_max,49,mini-swe-agent,0,2.43038901796875,gpt-5-6-luna,256,0.80859375,13.0,openai,-1.0,12.0,3.0056984956521737,0.1719127852469058,0.516718,max,common,207,0.9846153846153847,65,64,622.1795886
260,0.21757658873239435,0.1922449234042553,mini_swe_agent_gpt_5_6_luna_medium,213,mini-swe-agent,0,0.21299740307692308,gpt-5-6-luna,260,0.18076923076923077,39.0,openai,-35.0,4.0,1.1782835063829786,0.8368432364852525,0.9860385829787235,medium,common,47,0.4153846153846154,65,27,55.3793248
260,1.2349718066666666,1.411863385,mini_swe_agent_gpt_5_6_luna_xhigh,60,mini-swe-agent,0,1.3710422515384615,gpt-5-6-luna,260,0.7692307692307693,15.0,openai,-8.0,7.0,1.782354927,0.2078663101201728,0.37049154199999995,xhigh,common,200,0.9692307692307692,65,63,356.4709854
260,3.131139741935484,3.235536537117904,mini_swe_agent_gpt_5_6_sol_high,31,mini-swe-agent,0,3.223089226923077,gpt-5-6-sol,260,0.8807692307692307,3.0,openai,12.0,15.0,3.659402615720524,0.11582930962057103,0.4238660786026201,high,common,229,1.0,65,65,838.003199
260,0.989925023255814,1.0506530057471264,mini_swe_agent_gpt_5_6_sol_low,86,mini-swe-agent,0,1.0305660576923077,gpt-5-6-sol,260,0.6692307692307692,22.0,openai,-16.0,6.0,1.5399262931034483,0.3177251336947292,0.48927328735632186,low,common,174,0.9384615384615385,65,61,267.947175
260,6.243634652173913,7.743721286919831,mini_swe_agent_gpt_5_6_sol_max,23,mini-swe-agent,0,7.611021315384615,gpt-5-6-sol,260,0.9115384615384615,1.5,openai,28.5,30.0,8.349643637130802,0.07256864802186747,0.6059223502109704,max,common,237,0.9846153846153847,65,64,1978.865542
260,1.5519463695652174,1.7380385373831775,mini_swe_agent_gpt_5_6_sol_medium,46,mini-swe-agent,0,1.7051145384615385,gpt-5-6-sol,260,0.823076923076923,11.0,openai,-3.0,8.0,2.0716344859813085,0.16103031246851948,0.33359594859813085,medium,common,214,0.9846153846153847,65,64,443.32978
260,3.666482086956522,4.436478400843882,mini_swe_agent_gpt_5_6_sol_xhigh,23,mini-swe-agent,0,4.368363342307692,gpt-5-6-sol,260,0.9115384615384615,1.5,openai,17.5,19.0,4.792297337552743,0.07424809264663969,0.3558189367088607,xhigh,common,237,1.0,65,65,1135.774469
260,1.0764961197183098,1.0787618703703703,mini_swe_agent_gpt_5_6_terra_high,71,mini-swe-agent,0,1.0781431461538462,gpt-5-6-terra,260,0.7269230769230769,17.0,openai,-12.0,5.0,1.4831598835978836,0.27265975684732996,0.4043980132275132,high,common,189,0.9692307692307692,65,63,280.317218
259,0.4212247787878788,0.39565256382978725,mini_swe_agent_gpt_5_6_terra_low,165,mini-swe-agent,0,0.41194374324324323,gpt-5-6-terra,259,0.36293436293436293,38.0,openai,-36.0,2.0,1.135036484042553,0.6514186377334511,0.7393839202127659,low,common,94,0.6307692307692307,65,41,106.6934295
259,4.015125265625,4.412620810572688,mini_swe_agent_gpt_5_6_terra_max,32,mini-swe-agent,0,4.363509391891892,gpt-5-6-terra,259,0.8764478764478765,4.0,openai,16.0,20.0,4.978629658590308,0.11368767850426653,0.5660088480176212,max,common,227,0.9846153846153847,65,64,1130.1489325
259,0.5686015901639344,0.5592949160583942,mini_swe_agent_gpt_5_6_terra_medium,122,mini-swe-agent,0,0.5636787548262548,gpt-5-6-terra,259,0.528957528957529,31.0,openai,-30.0,1.0,1.0656408576642336,0.4751562761169777,0.5063459416058395,medium,common,137,0.8,65,52,145.9927975
260,2.0247890625,1.9981036344339622,mini_swe_agent_gpt_5_6_terra_xhigh,48,mini-swe-agent,0,2.003030175,gpt-5-6-terra,260,0.8153846153846154,12.0,openai,-3.0,9.0,2.456546441037736,0.1866208588387649,0.4584428066037736,xhigh,common,212,0.9538461538461539,65,62,520.7878455
260,2.521213320965517,2.4070521784347827,mini_swe_agent_kimi_k2_7_code_default,145,mini-swe-agent,0,2.4707189694615384,kimi-k2-7-code,260,0.4423076923076923,34.0,openrouter,-12.0,22.0,5.58597332226087,0.5690899258608433,3.178921143826087,,common,115,0.8461538461538461,65,55,642.38693206
